{"cameraMode":{"drawMode":0,"name":"Shaded","section":"Shading Mode"},"sceneLighting":false,"audioPlay":false,"sceneViewState":{"showFog":true,"showMaterialUpdate":false,"showSkybox":true,"showFlares":true,"showImageEffects":true,"showParticleSystems":true},"in2DMode":false,"pivot":{"x":-0.13615059852600099,"y":0.7748923897743225,"z":0.09289288520812988},"rotation":{"x":0.035139188170433047,"y":0.9553064703941345,"z":-0.2647079527378082,"w":0.12682469189167024},"size":8.315384864807129,"orthographic":false}